{
  "mood_unhappy": {
    "precision": 0.7142857142857143,
    "recall": 0.7142857142857143,
    "f1-score": 0.7142857142857143,
    "support": 14,
    "confused_with": {
      "deny": 2,
      "goodbye": 1
    }
  },
  "greet": {
    "precision": 0.9166666666666666,
    "recall": 0.8461538461538461,
    "f1-score": 0.8799999999999999,
    "support": 13,
    "confused_with": {
      "faq": 2
    }
  },
  "goodbye": {
    "precision": 0.7,
    "recall": 0.6363636363636364,
    "f1-score": 0.6666666666666666,
    "support": 11,
    "confused_with": {
      "mood_great": 2,
      "mood_unhappy": 1
    }
  },
  "mood_great": {
    "precision": 0.7333333333333333,
    "recall": 0.7857142857142857,
    "f1-score": 0.7586206896551724,
    "support": 14,
    "confused_with": {
      "mood_unhappy": 2,
      "goodbye": 1
    }
  },
  "faq": {
    "precision": 0.9746835443037974,
    "recall": 0.9746835443037974,
    "f1-score": 0.9746835443037974,
    "support": 79,
    "confused_with": {
      "greet": 1,
      "deny": 1
    }
  },
  "affirm": {
    "precision": 0.25,
    "recall": 0.16666666666666666,
    "f1-score": 0.2,
    "support": 6,
    "confused_with": {
      "mood_great": 2,
      "deny": 2,
      "goodbye": 1
    }
  },
  "deny": {
    "precision": 0.5,
    "recall": 0.7142857142857143,
    "f1-score": 0.588235294117647,
    "support": 7,
    "confused_with": {
      "mood_unhappy": 1,
      "affirm": 1
    }
  },
  "accuracy": 0.8472222222222222,
  "macro avg": {
    "precision": 0.6841384655127873,
    "recall": 0.6911647725390945,
    "f1-score": 0.6832131298612854,
    "support": 144
  },
  "weighted avg": {
    "precision": 0.8464120370370369,
    "recall": 0.8472222222222222,
    "f1-score": 0.8452199308842311,
    "support": 144
  }
}